ipk,penghasilan,tanggungan,prestasi,layak
3.55,6.3,5,0,1
2.88,5.7,5,0,0
3.72,3.4,0,0,0
3.39,2.9,2,2,1
2.19,7.7,4,1,0
3.95,6.7,2,3,1
3.52,4.2,5,1,1
3.57,7.9,5,0,0
2.26,6.7,2,0,0
2.9,4.4,0,0,0
2.74,0.8,2,3,1
3.85,1.4,1,0,1
3.29,2.9,2,1,1
3.65,3.9,3,3,1
2.89,9.2,2,3,0
2.45,4.5,1,0,0
3.11,4.5,1,0,0
2.13,5.1,4,0,0
3.66,3.1,0,0,1
3.26,2.4,1,0,1
3.52,7.9,5,1,1
2.71,1.5,0,3,1
3.94,2.1,2,1,1
3.79,4.4,1,1,1
3.56,8.4,0,0,0
2.39,3.2,2,2,0
2.93,2.9,3,1,1
2.09,4.2,1,2,0
2.31,6.0,0,3,0
3.37,3.7,0,0,1
3.49,9.1,3,0,0
3.94,9.4,5,0,0
2.65,4.4,1,1,0
2.74,14.3,1,3,0
2.94,5.0,2,0,0
2.38,9.2,2,2,0
2.26,5.9,1,1,0
2.95,5.9,0,0,0
2.45,1.2,3,0,0
3.34,2.0,2,1,1
2.87,3.9,2,1,0
3.67,9.3,1,1,1
3.4,6.0,5,0,1
2.62,3.9,3,2,1
3.66,7.1,2,0,0
3.61,9.1,1,3,1
2.77,4.8,4,0,0
2.58,5.5,5,0,0
3.36,5.1,0,1,0
2.28,4.6,5,1,0
2.4,2.7,4,1,1
2.01,2.5,0,1,0
3.57,7.0,4,3,1
3.33,9.2,0,1,0
3.41,3.9,0,1,1
3.56,3.8,0,1,1
2.92,1.0,2,0,1
3.14,0.8,3,1,1
2.28,10.7,2,0,0
2.23,2.8,0,1,0
3.34,17.7,1,0,0
2.94,3.2,5,3,1
3.13,1.3,5,1,1
3.53,5.1,4,2,1
3.27,7.8,0,1,0
3.11,7.3,4,0,0
3.12,8.3,4,2,1
2.61,2.3,3,1,0
2.06,10.5,0,2,0
2.87,10.9,5,1,0
2.43,11.2,2,1,0
2.82,5.7,0,2,0
3.71,3.7,1,1,1
2.47,3.5,2,0,0
2.12,1.3,0,1,0
2.56,3.2,1,1,0
2.59,0.5,2,3,1
3.32,1.1,5,0,1
3.11,5.6,0,1,0
3.57,4.0,3,2,1
3.33,5.5,5,1,1
2.81,7.4,4,2,0
3.63,6.1,5,1,1
2.33,5.8,1,0,0
2.05,4.5,4,2,0
2.18,2.7,5,0,0
3.44,1.8,1,0,1
2.92,3.3,2,1,1
2.32,4.5,3,2,0
3.0,4.9,2,2,1
2.3,8.3,1,0,0
3.39,4.3,5,0,1
2.89,6.8,5,3,1
2.76,1.4,2,0,0
2.6,5.7,4,0,0
3.26,5.4,2,0,0
2.72,10.5,4,1,0
2.18,4.0,3,2,1
2.24,3.9,2,2,1
3.92,7.5,0,2,1
3.82,1.9,3,0,1
3.4,5.6,1,0,1
2.53,1.8,1,1,0
3.94,13.4,1,0,0
3.56,3.5,5,0,1
3.43,1.7,0,0,1
2.9,3.3,4,0,0
2.54,5.6,5,1,0
2.19,6.6,0,2,0
3.81,10.2,3,0,1
2.91,3.0,3,1,1
2.4,7.7,2,2,0
2.61,1.1,4,2,1
3.16,2.1,2,2,1
2.35,1.5,2,1,0
3.71,2.6,2,2,1
3.52,7.5,4,0,0
3.44,3.0,3,0,1
2.86,3.5,2,0,0
3.25,5.7,5,1,1
3.17,6.5,4,0,0
3.3,3.6,5,0,1
2.17,2.1,4,2,1
2.83,12.1,2,0,0
2.08,3.6,4,0,0
2.99,3.8,1,0,0
2.66,4.2,1,1,0
2.29,6.9,2,0,0
2.21,1.4,5,0,0
3.18,15.0,3,0,0
2.34,3.8,2,2,0
3.85,7.0,2,3,1
3.16,1.7,1,1,1
2.69,5.3,3,1,0
3.18,13.6,2,2,1
2.05,12.5,3,3,0
3.92,6.9,2,1,1
2.96,2.5,1,2,1
3.57,9.9,5,3,1
2.17,1.1,2,2,0
2.97,2.4,0,1,0
2.98,4.5,2,0,0
3.88,1.2,3,0,1
3.14,3.3,0,1,1
2.95,7.8,1,1,0
2.53,2.8,0,1,0
2.66,8.0,3,1,0
3.04,17.4,4,1,0
2.88,6.1,5,2,1
2.04,7.9,2,0,0
3.65,10.1,5,0,0
3.79,3.5,1,2,1
2.28,7.8,4,2,0
3.11,3.4,3,3,1
2.22,5.9,4,2,0
3.34,8.6,4,2,1
2.56,2.6,3,0,0
3.32,0.5,1,1,1
3.45,2.4,3,0,1
3.54,9.4,4,1,0
2.22,2.1,5,3,1
3.83,9.0,5,0,1
2.46,2.4,1,1,0
2.07,4.1,3,0,0
3.11,4.7,0,0,0
2.74,2.1,4,0,0
3.66,4.1,5,0,1
3.62,1.3,0,3,1
2.63,3.7,3,1,0
3.91,4.5,5,2,1
2.58,0.5,5,1,1
3.03,2.4,2,0,1
2.51,5.7,0,0,0
3.87,1.9,5,2,1
2.33,6.4,5,0,0
2.09,6.8,3,3,0
2.87,5.7,5,0,0
3.98,7.8,0,1,0
3.78,1.2,3,2,1
3.5,8.8,0,0,0
3.78,2.2,5,0,1
3.79,5.1,4,3,1
3.04,13.3,5,0,0
2.63,3.7,3,1,0
3.54,4.8,0,1,1
3.32,2.2,0,0,1
2.75,13.2,2,2,0
2.19,2.4,4,2,1
3.49,7.2,0,0,0
2.52,10.1,5,2,0
3.87,7.6,1,0,0
2.48,6.0,2,0,0
2.25,5.0,1,1,0
3.66,1.7,2,3,1
2.31,12.8,2,0,0
2.36,5.6,0,0,0
3.2,4.8,3,1,0
3.75,2.0,4,2,1
2.39,5.0,5,0,0
2.62,4.6,1,0,0
3.55,13.3,5,2,1
3.94,4.8,5,0,1
3.0,4.9,5,0,0
2.29,2.1,2,0,0
2.03,2.7,5,1,0
2.46,6.6,3,1,0
2.26,1.0,0,2,1
3.36,8.8,1,1,0
2.24,8.9,4,1,0
3.01,2.5,0,3,1
3.39,6.0,2,1,1
3.16,10.3,4,1,0
2.4,4.4,0,3,1
3.61,3.8,2,0,1
3.43,4.1,1,2,1
3.48,5.6,3,2,1
2.26,3.0,1,0,0
2.25,3.6,5,1,0
3.86,5.7,0,0,0
2.8,3.4,5,0,1
2.6,1.9,4,1,1
2.98,0.9,5,0,1
3.33,4.9,5,2,1
3.91,9.9,1,3,1
2.57,6.2,5,2,0
3.85,2.0,3,0,1
2.05,2.7,5,0,0
3.11,3.8,5,0,0
3.27,13.5,3,0,0
2.21,14.0,2,3,0
2.28,13.0,0,1,0
2.84,5.2,0,0,0
3.93,24.2,2,2,1
3.19,2.8,4,0,1
3.87,3.7,3,0,1
3.61,8.4,2,0,0
2.93,5.7,1,1,0
3.57,5.9,3,2,1
2.04,2.2,3,0,0
2.22,4.6,5,3,1
3.66,2.9,4,2,1
3.59,1.6,3,2,1
2.47,3.1,5,0,0
3.06,5.7,2,0,0
3.21,7.5,5,2,1
3.74,0.9,2,0,1
3.21,4.7,0,1,1
2.83,4.4,2,2,0
2.75,5.5,0,0,0
2.85,2.0,0,2,1
3.3,2.0,5,3,1
3.73,10.0,4,2,1
2.91,2.5,1,1,1
2.5,3.6,5,2,1
2.47,3.8,0,1,0
3.49,2.9,1,2,1
3.63,6.5,4,2,1
2.21,6.1,1,2,0
2.13,4.3,4,0,0
3.19,3.0,5,0,1
2.29,4.1,0,0,0
3.65,5.0,0,1,1
2.62,2.7,5,1,1
2.29,6.8,3,1,0
3.84,8.7,3,0,0
2.33,11.1,2,2,0
2.57,10.7,2,3,0
2.31,3.8,4,0,0
2.23,5.2,3,2,0
2.04,4.2,0,1,0
2.11,4.2,3,1,0
2.35,4.1,4,0,0
2.11,4.8,0,2,0
3.18,9.6,2,3,1
3.36,5.8,4,2,1
2.79,1.9,3,3,1
2.64,8.5,0,3,0
3.01,5.5,0,0,0
3.75,6.5,3,1,1
3.7,5.8,2,1,1
2.09,5.9,5,3,0
2.36,6.1,3,0,0
2.47,1.1,5,1,1
2.5,6.5,1,2,0
3.14,2.8,2,0,0
2.83,3.4,0,2,1
2.1,4.8,3,0,0
2.75,12.2,1,3,0
3.05,2.2,2,2,1
2.2,4.7,2,0,0
3.67,4.0,1,2,1
2.1,8.4,0,0,0
3.85,3.9,3,1,1
2.2,5.5,5,1,0
3.69,2.2,1,2,1
3.81,9.3,2,0,0
3.96,1.5,1,0,1
3.6,6.4,4,2,1
3.56,5.5,2,1,0
3.28,6.1,5,1,1
3.56,1.5,1,0,1
2.27,3.9,0,0,0
3.07,8.2,3,2,0
3.03,13.3,3,0,0
3.72,4.4,5,0,1
2.93,7.7,5,3,1
2.77,5.2,5,0,0
3.28,4.6,3,2,1
2.53,3.5,2,0,0
2.28,4.8,2,2,0
2.96,7.3,0,2,0
2.83,7.7,2,2,0
2.47,1.8,2,0,0
2.74,3.3,0,1,0
2.73,2.1,1,2,1
2.65,4.9,3,0,0
2.76,3.8,2,0,0
3.37,6.0,5,0,0
2.59,6.2,2,3,0
3.9,0.6,5,2,1
3.83,4.8,3,1,1
2.96,9.7,0,2,0
2.66,3.3,1,1,0
3.07,3.3,4,1,1
3.7,8.7,3,1,1
3.31,7.9,1,1,0
3.61,2.3,3,0,1
3.07,7.4,5,2,0
3.27,2.7,2,2,1
2.58,3.2,0,0,0
3.47,2.3,1,1,1
2.4,1.8,5,0,1
3.39,5.1,4,3,1
3.72,1.6,5,3,1
2.26,5.3,5,3,1
3.23,5.2,0,0,0
2.19,4.3,1,0,0
3.45,3.4,0,0,1
2.17,3.0,0,0,0
3.87,2.1,5,0,1
2.27,11.1,5,0,0
3.92,4.2,0,3,1
3.6,4.1,4,0,1
3.19,2.4,3,0,1
3.57,10.4,0,2,1
3.59,3.1,5,1,1
3.89,5.6,5,2,1
2.51,6.3,3,1,0
3.18,5.1,4,2,1
2.19,1.5,2,1,1
3.23,7.2,4,1,1
2.34,3.1,2,2,1
3.13,7.8,5,1,0
3.14,4.6,0,0,0
2.93,6.6,1,1,0
3.05,10.0,5,0,0
3.53,7.0,1,2,1
3.6,6.7,1,0,0
2.98,7.4,4,0,0
3.2,2.6,1,0,1
3.86,8.0,3,2,1
2.24,3.9,1,0,0
2.23,4.0,1,1,1
2.18,5.0,5,2,0
3.32,3.7,1,0,0
2.84,2.2,0,2,1
3.55,4.8,4,0,1
3.34,4.0,5,0,1
2.67,3.9,0,1,0
3.8,4.5,4,3,1
3.53,0.7,3,0,1
2.54,4.0,4,1,1
2.73,10.8,0,0,0
2.63,10.3,5,1,0
2.32,4.9,3,1,0
2.3,4.8,5,1,0
3.87,0.5,2,1,1
2.88,3.2,5,0,0
2.77,7.4,3,1,0
3.46,3.6,0,1,1
3.11,8.9,5,1,0
3.87,8.6,4,0,0
3.56,3.2,1,1,1
2.96,5.1,3,1,1
2.75,11.3,2,0,0
3.97,1.5,3,0,1
3.44,3.7,5,1,1
3.9,1.4,5,2,1
2.24,2.5,1,0,0
3.7,13.3,5,2,1
3.27,3.7,2,1,1
2.24,0.9,4,2,1
3.18,2.2,4,1,1
3.37,1.2,2,1,1
2.02,5.3,2,1,0
2.91,6.3,2,3,1
3.65,8.1,5,1,1
2.59,7.1,2,1,0
2.92,1.6,1,1,1
2.88,6.1,2,2,0
